{
	"info": {
		"_postman_id": "41ad2c68-95a3-4dec-ae13-aecfac187128",
		"name": "Thortful",
		"schema": "https://schema.getpostman.com/json/collection/v2.1.0/collection.json",
		"_exporter_id": "25333933"
	},
	"item": [
		{
			"name": "create country in db",
			"request": {
				"method": "POST",
				"header": [],
				"body": {
					"mode": "raw",
					"raw": "{\r\n    \"name\": \"Portugal\",\r\n    \"flag\": \"🇵🇹\",\r\n    \"capital\": [\r\n        \"Lisbon\"\r\n    ],\r\n    \"continents\": [\r\n        \"Europe\"\r\n    ],\r\n    \"area\": 92090.0,\r\n    \"currencies\":[\r\n            \"Euro\"\r\n        ],\r\n    \"languages\": [\r\n        \"Portuguese\"\r\n    ],\r\n    \"population\": 10305564,\r\n    \"iso\": \"PT\"\r\n}",
					"options": {
						"raw": {
							"language": "json"
						}
					}
				},
				"url": {
					"raw": "http://localhost:8080/country/create",
					"protocol": "http",
					"host": [
						"localhost"
					],
					"port": "8080",
					"path": [
						"country",
						"create"
					]
				}
			},
			"response": []
		},
		{
			"name": "GET a country full data",
			"request": {
				"method": "GET",
				"header": [],
				"url": {
					"raw": "http://localhost:8080/country/allData/Portugal",
					"protocol": "http",
					"host": [
						"localhost"
					],
					"port": "8080",
					"path": [
						"country",
						"allData",
						"Portugal"
					]
				}
			},
			"response": []
		},
		{
			"name": "GET a country summarized data",
			"request": {
				"method": "GET",
				"header": [],
				"url": {
					"raw": "http://localhost:8080/country/summarizedData/Portugal",
					"protocol": "http",
					"host": [
						"localhost"
					],
					"port": "8080",
					"path": [
						"country",
						"summarizedData",
						"Portugal"
					]
				}
			},
			"response": []
		},
		{
			"name": "New Request",
			"request": {
				"method": "DELETE",
				"header": [],
				"url": {
					"raw": "http://localhost:8080/country/delete/Portugal",
					"protocol": "http",
					"host": [
						"localhost"
					],
					"port": "8080",
					"path": [
						"country",
						"delete",
						"Portugal"
					]
				}
			},
			"response": []
		},
		{
			"name": "Get Country time",
			"request": {
				"method": "GET",
				"header": [
					{
						"key": "X-Api-Key",
						"value": "test",
						"type": "text",
						"disabled": true
					}
				],
				"url": {
					"raw": "http://localhost:8080/country/time/Japan",
					"protocol": "http",
					"host": [
						"localhost"
					],
					"port": "8080",
					"path": [
						"country",
						"time",
						"Japan"
					]
				}
			},
			"response": []
		},
		{
			"name": "Get Country from db",
			"request": {
				"method": "GET",
				"header": [],
				"url": {
					"raw": "http://localhost:8080/country/dbCountry/Portugal",
					"protocol": "http",
					"host": [
						"localhost"
					],
					"port": "8080",
					"path": [
						"country",
						"dbCountry",
						"Portugal"
					]
				}
			},
			"response": []
		},
		{
			"name": "Get ALL countries from db",
			"request": {
				"method": "GET",
				"header": [],
				"url": {
					"raw": "http://localhost:8080/country/dbCountry/all",
					"protocol": "http",
					"host": [
						"localhost"
					],
					"port": "8080",
					"path": [
						"country",
						"dbCountry",
						"all"
					]
				}
			},
			"response": []
		},
		{
			"name": "Update Country",
			"request": {
				"method": "POST",
				"header": [],
				"body": {
					"mode": "raw",
					"raw": "{\r\n    \"capital\": [\r\n        \"Tokyo\"\r\n    ],\r\n    \"currencies\": [\r\n        \"Japanese yen\"\r\n    ],\r\n    \"languages\": [\r\n        \"Japanese\"\r\n    ],\r\n    \"population\": 125836022\r\n}",
					"options": {
						"raw": {
							"language": "json"
						}
					}
				},
				"url": {
					"raw": "http://localhost:8080/country/update/Japan",
					"protocol": "http",
					"host": [
						"localhost"
					],
					"port": "8080",
					"path": [
						"country",
						"update",
						"Japan"
					]
				}
			},
			"response": []
		}
	]
}